City_ID,City,Lat,Lng,Max Temp,Humidity,Cloudiness,Wind Speed,Country,Date
0,wailua homesteads,22.0669,-159.378,20.91,81,20,3.6,US,1707887472
1,diu,20.7141,70.9822,26.82,21,2,4.42,IN,1707887473
2,marka,1.7159,44.7717,27.03,80,32,6.26,SO,1707887474
3,muroto-misakicho,33.2833,134.15,15.89,68,100,1.6,JP,1707887476
4,la paz,-16.5,-68.15,9.21,83,99,1.34,BO,1707887477
5,puerto leguizamo,-0.1934,-74.7819,22.91,98,96,1.98,CO,1707887478
6,port-aux-francais,-49.35,70.2167,8.26,92,100,10.2,TF,1707887478
7,grytviken,-54.2811,-36.5092,5.72,89,100,5.16,GS,1707887479
8,taunsa,30.7048,70.6505,21.17,15,0,0.33,PK,1707887303
9,whitehorse,60.7161,-135.0538,-16.0,95,42,1.55,CA,1707887481
10,ushuaia,-54.8,-68.3,8.81,66,75,6.17,AR,1707887305
11,iqaluit,63.7506,-68.5145,-25.13,96,68,2.26,CA,1707887319
12,blackmans bay,-43.0167,147.3167,18.16,37,14,1.79,AU,1707887486
13,mili,6.0815,171.735,27.57,75,100,7.53,MH,1707887487
14,satkania,22.0796,92.0572,30.42,17,98,3.33,BD,1707887488
15,bethel,41.3712,-73.414,-1.66,75,19,3.54,US,1707887489
16,atar,20.5169,-13.0499,23.28,25,38,0.26,MR,1707887490
17,kingscliff,-28.2667,153.5667,29.15,65,10,5.14,AU,1707887491
18,zheshart,62.0731,49.5733,-37.29,99,15,1.14,RU,1707887492
19,bonthe,7.5264,-12.505,25.77,90,53,1.8,SL,1707887493
20,bilibino,68.0546,166.4372,-31.7,99,100,0.84,RU,1707887494
21,olonkinbyen,70.9221,-8.7187,-4.93,89,100,11.1,SJ,1707887495
22,port macquarie,-31.4333,152.9167,31.05,60,5,4.45,AU,1707887332
23,longyearbyen,78.2186,15.6401,-2.09,69,40,11.32,SJ,1707887497
24,carnarvon,-24.8667,113.6333,33.26,44,0,5.07,AU,1707887498
25,revda,56.801,59.9303,-26.37,96,13,1.96,RU,1707887499
26,lebu,-37.6167,-73.65,13.19,91,7,3.18,CL,1707887501
27,isangel,-19.55,169.2667,28.1,85,26,8.71,VU,1707887504
28,itanhem,-17.1664,-40.33,21.86,92,26,1.76,BR,1707887505
29,okhotsk,59.3833,143.3,-22.07,86,30,2.03,RU,1707887506
30,mermoz boabab,14.7065,-17.4758,21.31,85,9,6.46,SN,1707887507
31,puerto natales,-51.7236,-72.4875,10.13,99,100,0.44,CL,1707887508
32,adamstown,-25.066,-130.1015,25.07,85,100,6.87,PN,1707887509
33,sola,-13.8833,167.55,28.35,76,23,7.24,VU,1707887510
34,awjilah,29.1081,21.2869,10.9,96,41,4.07,LY,1707887511
35,emerald,-23.5333,148.1667,30.19,67,99,3.99,AU,1707887406
36,ribeira grande,38.5167,-28.7,14.87,80,10,4.92,PT,1707887513
37,edinburgh of the seven seas,-37.0676,-12.3116,17.84,83,72,3.79,SH,1707887516
38,stanley,54.868,-1.6985,4.54,96,100,1.43,GB,1707887301
39,hermanus,-34.4187,19.2345,17.67,82,87,2.02,ZA,1707887518
40,lysekil,58.2743,11.4358,2.2,94,60,5.2,SE,1707887519
41,anna regina,7.2644,-58.5077,24.92,88,58,2.77,GY,1707887520
42,at taraf,25.3628,49.725,16.3,73,0,2.61,SA,1707887521
43,korostyshiv,50.3172,29.0563,5.67,93,100,5.92,UA,1707887522
44,outjo,-20.1167,16.15,24.72,52,98,0.19,NA,1707887523
45,taoudenni,22.6783,-3.9836,22.9,23,55,5.62,ML,1707887524
46,waitangi,-43.9535,-176.5597,17.12,76,1,5.18,NZ,1707887525
47,kirakira,-10.4544,161.9205,29.63,71,94,3.44,SB,1707887526
48,uturoa,-16.7333,-151.4333,25.74,89,100,10.26,PF,1707887527
49,ocean shores,46.9737,-124.1563,5.94,87,0,4.12,US,1707887528
50,ola,59.5833,151.2833,-19.37,80,100,1.34,RU,1707887529
51,chonchi,-42.6128,-73.8092,10.62,52,0,1.0,CL,1707887530
52,plonsk,52.6235,20.3755,1.42,89,77,2.39,PL,1707887531
53,papatowai,-46.5619,169.4708,21.38,48,0,1.18,NZ,1707887532
54,san patricio,28.017,-97.5169,12.5,62,51,3.21,US,1707887533
55,northam,51.0333,-4.2167,12.09,98,100,7.2,GB,1707887534
56,mangai,-4.05,19.5333,21.83,99,100,0.16,CD,1707887535
57,tapes,-30.6733,-51.3958,20.82,71,100,4.41,BR,1707887536
58,ambodifotatra,-16.9833,49.85,26.3,86,100,4.03,MG,1707887537
59,margaret river,-33.95,115.0667,26.06,45,83,3.47,AU,1707887538
60,maragogi,-9.0122,-35.2225,25.49,86,70,1.55,BR,1707887539
61,thompson,55.7435,-97.8558,-5.91,93,100,1.03,CA,1707887540
62,isafjordur,66.0755,-23.124,-2.88,83,78,6.77,IS,1707887541
63,college,64.8569,-147.8028,-0.82,65,75,4.63,US,1707887502
64,port alfred,-33.5906,26.891,20.66,95,100,0.89,ZA,1707887543
65,vilyuysk,63.7553,121.6247,-33.33,92,79,2.68,RU,1707887544
66,mormugao,15.4,73.8,27.59,61,40,2.06,IN,1707887545
67,hawaiian paradise park,19.5933,-154.9731,20.23,91,75,1.54,US,1707887546
68,buka,40.8108,69.1986,12.83,34,39,0.27,UZ,1707887548
69,inarajan village,13.2736,144.7484,28.41,77,42,8.81,GU,1707887549
70,karratha,-20.7377,116.8463,31.81,58,49,5.76,AU,1707887550
71,weno,7.4515,151.8468,27.59,74,91,9.48,FM,1707887551
72,mumbwa,-14.9783,27.0619,18.06,89,16,1.03,ZM,1707887552
73,luderitz,-26.6481,15.1594,17.65,68,55,7.09,NA,1707887553
74,albany,42.6001,-73.9662,0.04,67,60,4.02,US,1707887551
75,tiksi,71.6872,128.8694,-23.1,97,100,2.21,RU,1707887555
76,madimba,-10.4,40.3333,25.07,93,100,2.04,TZ,1707887556
77,kingston,17.997,-76.7936,23.6,96,41,0.96,JM,1707887557
78,faro,37.0194,-7.9322,17.85,82,0,5.14,PT,1707887558
79,la passe,45.5549,-0.8967,10.13,87,41,3.23,FR,1707887559
80,puerto ayora,-0.7393,-90.3518,27.53,96,100,1.79,EC,1707887560
81,georgetown,5.4112,100.3354,32.96,55,20,2.06,MY,1707887561
82,tralee,52.2704,-9.7026,10.38,98,100,2.62,IE,1707887562
83,tulum,20.2167,-87.4667,19.5,83,5,2.59,MX,1707887563
84,punta arenas,-53.15,-70.9167,11.06,76,100,3.6,CL,1707887564
85,labuan bajo,-8.4964,119.8877,28.76,79,42,2.57,ID,1707887565
86,taroudant,30.4703,-8.877,22.72,24,87,6.19,MA,1707887567
87,guerrero negro,27.9769,-114.0611,14.82,67,50,5.32,MX,1707887568
88,avarua,-21.2078,-159.775,28.03,74,20,4.63,CK,1707887568
89,timimoun,29.2639,0.231,18.18,45,7,3.41,DZ,1707887570
90,lihue,21.9789,-159.3672,21.69,80,20,3.6,US,1707887335
91,constantia,44.1833,28.65,6.38,83,100,5.85,RO,1707887572
92,iquique,-20.2208,-70.1431,22.85,79,96,1.87,CL,1707887573
93,ilulissat,69.2167,-51.1,-24.99,58,5,1.03,GL,1707887574
94,alofi,-19.0595,-169.9187,27.21,76,100,10.0,NU,1707887575
95,baracoa,20.3467,-74.4958,23.36,88,17,0.7,CU,1707887576
96,yuzhno-kurilsk,44.0306,145.8556,1.88,84,49,7.47,RU,1707887577
97,moose jaw,50.4001,-105.5344,-9.28,92,96,5.41,CA,1707887444
98,afif,23.9065,42.9172,15.67,46,0,6.13,SA,1707887579
99,tambopata,-12.7333,-69.1833,22.55,100,100,0.29,PE,1707887580
100,kavieng,-2.5744,150.7967,28.76,76,63,4.37,PG,1707887581
101,arraial do cabo,-22.9661,-42.0278,25.12,88,95,4.12,BR,1707887582
102,mount gambier,-37.8333,140.7667,19.37,35,24,4.39,AU,1707887583
103,soc trang,9.6033,105.98,32.92,44,29,8.35,VN,1707887584
104,kabalo,-6.05,26.9167,21.77,99,100,0.78,CD,1707887585
105,st. john's,47.5649,-52.7093,-1.06,91,100,6.17,CA,1707887357
106,sitka,57.0531,-135.33,1.94,75,0,2.06,US,1707887587
107,kolyshley,52.7005,44.5367,-11.99,86,100,5.38,RU,1707887588
108,marica,-22.9194,-42.8186,29.95,83,89,2.54,BR,1707887589
109,borogontsy,62.6683,131.1683,-26.07,89,100,2.5,RU,1707887591
110,jamestown,42.097,-79.2353,-2.7,67,100,7.72,US,1707887305
111,vorgashor,67.5833,63.95,-30.12,98,6,2.63,RU,1707887593
112,rongelap,11.1635,166.8941,26.45,72,82,7.76,MH,1707887594
113,dryden,49.7833,-92.7503,-6.18,80,100,3.6,CA,1707887595
114,tazovsky,67.4667,78.7,-35.34,93,21,2.75,RU,1707887596
115,kununurra,-15.7667,128.7333,33.99,55,53,3.09,AU,1707887597
116,kiunga,-6.1219,141.2906,25.09,97,100,0.97,PG,1707887599
117,mejit,10.2753,170.8646,26.45,75,86,8.25,MH,1707887600
118,jijel,36.8205,5.7667,13.07,77,1,1.8,DZ,1707887601
119,poronaysk,49.2167,143.1167,-8.23,83,91,4.8,RU,1707887602
120,rundu,-17.9333,19.7667,20.0,53,12,2.39,NA,1707887603
121,petawawa,45.9001,-77.3328,-10.68,69,89,2.24,CA,1707887604
122,presque isle,46.6811,-68.0159,-8.99,65,20,4.12,US,1707887605
123,ta`u,-14.2336,-169.5144,26.6,92,100,7.61,AS,1707887606
124,nizhnekamsk,55.6366,51.8245,-18.56,84,40,2.0,RU,1707887607
125,yellowknife,62.456,-114.3525,-18.71,84,40,3.6,CA,1707887436
126,polyarnyy,69.1989,33.4478,-18.57,94,97,7.92,RU,1707887609
127,robertsport,6.7533,-11.3686,27.27,88,27,2.77,LR,1707887610
128,talnakh,69.4865,88.3972,-31.13,90,39,1.41,RU,1707887611
129,auki,-8.7676,160.7034,28.16,78,44,4.39,SB,1707887613
130,mabaruma,8.2,-59.7833,22.41,99,81,0.9,GY,1707887614
131,kimbe,-5.5502,150.1429,26.59,90,86,2.73,PG,1707887615
132,kailua-kona,19.6406,-155.9956,23.31,83,40,2.57,US,1707887388
133,invercargill,-46.4,168.35,23.9,43,6,6.26,NZ,1707887617
134,tianpeng,30.9866,103.9393,16.3,48,92,2.46,CN,1707887618
135,holualoa,19.6228,-155.9522,21.27,83,40,2.57,US,1707887619
136,nadi,-17.8,177.4167,28.0,89,75,4.12,FJ,1707887339
137,bredasdorp,-34.5322,20.0403,18.2,84,73,2.02,ZA,1707887507
138,haiku-pauwela,20.9219,-156.3051,20.54,84,20,1.54,US,1707887622
139,linxia chengguanzhen,35.6003,103.2064,1.84,42,70,2.3,CN,1707887623
140,anadyr,64.75,177.4833,-25.56,75,40,6.0,RU,1707887625
141,itoman,26.1247,127.6694,24.06,64,75,10.29,JP,1707887626
142,east london,-33.0153,27.9116,21.52,78,0,4.12,ZA,1707887627
143,puerto baquerizo moreno,-0.9,-89.6,26.64,85,99,5.3,EC,1707887628
144,howrah,22.5892,88.3103,24.0,69,40,1.54,IN,1707887629
145,sorong,-0.8833,131.25,29.07,71,90,7.8,ID,1707887631
146,makakilo city,21.3469,-158.0858,22.91,75,0,2.57,US,1707887631
147,dehui,44.5333,125.7,-3.6,66,100,5.14,CN,1707887632
148,port mathurin,-19.6833,63.4167,27.43,80,93,8.42,MU,1707887633
149,hithadhoo,-0.6,73.0833,27.66,80,98,5.11,MV,1707887635
150,kachug,53.9606,105.8817,-14.97,88,100,1.34,RU,1707887636
151,remire-montjoly,4.9167,-52.2667,27.02,83,75,2.57,GF,1707887638
152,tegueste,28.5167,-16.3167,17.04,78,40,5.81,ES,1707887639
153,hobyo,5.3505,48.5268,27.28,77,47,7.61,SO,1707887640
154,kone,-21.0595,164.8658,29.42,70,66,3.33,NC,1707887641
155,ixtapa,20.7,-105.2,22.57,88,40,0.0,MX,1707887642
156,touros,-5.1989,-35.4608,26.6,78,98,2.55,BR,1707887643
157,new norfolk,-42.7826,147.0587,18.75,27,2,4.47,AU,1707887644
158,paciran,-6.8767,112.3761,29.67,73,43,2.65,ID,1707887645
159,bel ombre,-4.6167,55.4167,28.91,79,40,3.09,SC,1707887646
160,myrina,39.8797,25.0742,9.58,87,40,0.0,GR,1707887647
161,shimoda,34.6667,138.95,18.39,58,20,8.67,JP,1707887648
162,saudarkrokur,65.7461,-19.6394,-9.02,86,69,6.25,IS,1707887649
163,vernon,50.2581,-119.2691,-2.13,76,65,3.09,CA,1707887650
164,canutama,-6.5339,-64.3831,23.13,99,100,1.06,BR,1707887651
165,carbonear,47.7332,-53.2148,-0.83,89,100,5.2,CA,1707887652
166,tofol,5.3248,163.0078,27.88,89,100,2.57,FM,1707887653
167,brookings,44.3114,-96.7984,1.48,85,100,2.57,US,1707887637
168,manokwari,-0.8667,134.0833,28.58,68,80,3.78,ID,1707887655
169,roma,43.2128,-75.4557,-3.03,81,100,9.26,US,1707887656
170,xining,36.6167,101.7667,0.66,47,54,1.71,CN,1707887657
171,casas grandes,30.3667,-107.95,8.73,32,0,2.48,MX,1707887658
172,pemba,-12.974,40.5178,26.39,94,75,3.09,MZ,1707887659
173,dudinka,69.4058,86.1778,-37.4,99,30,1.79,RU,1707887660
174,taroa,8.7058,171.2275,27.18,73,94,8.07,MH,1707887661
175,kyzyl-suu,42.3414,78.0056,1.19,52,100,0.17,KG,1707887662
176,ishigaki,24.3448,124.1572,22.12,66,2,2.93,JP,1707887663
177,ylitornio,66.3089,23.6773,-14.37,95,99,4.21,FI,1707887664
178,magadan,59.5667,150.8,-19.71,82,100,0.59,RU,1707887665
179,padang,-0.9492,100.3543,33.03,69,17,2.57,ID,1707887667
180,namibe,-15.1961,12.1522,27.04,79,100,1.39,AO,1707887667
181,murzuq,25.9155,13.9184,11.26,56,0,4.14,LY,1707887668
182,smithers,54.7804,-127.1743,-4.82,94,10,0.24,CA,1707887401
183,codrington,-38.2667,141.9667,17.46,42,23,5.32,AU,1707887671
184,alta,69.9689,23.2717,-13.41,66,0,9.26,NO,1707887673
185,san antonio de pale,-1.4014,5.6325,28.75,76,100,2.59,GQ,1707887674
186,port blair,11.6667,92.75,28.85,62,13,6.74,IN,1707887675
187,lompoc,34.6391,-120.4579,10.45,86,75,4.47,US,1707887469
188,kuta,-8.7233,115.1723,30.56,70,40,2.24,ID,1707887677
189,aban,56.67,96.06,-10.89,92,100,3.84,RU,1707887678
190,angaur state,6.906,134.13,27.31,75,85,8.7,PW,1707887679
191,puerto armuelles,8.2833,-82.8667,25.61,75,66,0.45,PA,1707887680
192,lauenburg,53.372,10.5565,4.6,99,100,4.03,DE,1707887681
193,fale old settlement,-9.3852,-171.2468,28.09,83,100,9.57,TK,1707887682
194,ambon,-3.6954,128.1814,34.08,55,40,5.14,ID,1707887683
195,sona,45.4388,10.8255,3.16,87,0,1.03,IT,1707887684
196,opuwo,-18.0607,13.84,23.54,59,77,0.88,NA,1707887685
197,nemuro,43.3236,145.575,2.91,83,20,2.73,JP,1707887686
198,usogorsk,63.4106,48.6872,-38.52,100,22,1.22,RU,1707887687
199,praia da vitoria,38.7333,-27.0667,15.42,80,40,7.8,PT,1707887688
200,batticaloa,7.7102,81.6924,27.77,77,95,6.81,LK,1707887689
201,kulhudhuffushi,6.6221,73.07,27.77,73,43,5.25,MV,1707887690
202,pauini,-7.7136,-66.9764,22.8,99,100,0.94,BR,1707887691
203,sacramento,38.4666,-121.3177,9.16,84,20,3.09,US,1707887524
204,kyzyl,51.7,94.45,-18.32,86,98,0.45,RU,1707887694
205,aleksandrovsk-sakhalinskiy,50.8975,142.1561,-9.69,89,100,4.1,RU,1707887696
206,gadzhiyevo,69.2551,33.3362,-19.65,96,98,7.28,RU,1707887696
207,kodiak,57.79,-152.4072,3.73,93,100,8.75,US,1707887697
208,kaiapoi,-43.3783,172.6401,28.76,23,0,9.26,NZ,1707887406
209,whakatane,-37.9585,176.9854,23.74,77,5,2.24,NZ,1707887701
210,necochea,-38.5473,-58.7368,12.41,70,2,3.42,AR,1707887702
211,alice springs,-23.7,133.8833,39.56,15,40,9.26,AU,1707887703
212,jean-rabel,19.8533,-73.1917,23.61,82,3,3.52,HT,1707887704
213,selkirk,50.1436,-96.8845,-2.11,88,100,2.68,CA,1707887654
214,chhapar,27.8167,74.4,20.01,17,2,2.17,IN,1707887706
215,iskateley,67.6803,53.1512,-32.77,100,7,2.24,RU,1707887707
216,kilindoni,-7.9139,39.6668,28.08,78,85,5.61,TZ,1707887708
217,hamilton,39.1834,-84.5333,5.46,62,100,2.57,US,1707887211
218,rodino,52.5,80.25,-7.14,92,100,12.76,RU,1707887710
219,susuman,62.7833,148.1667,-35.57,97,96,0.45,RU,1707887711
220,ouesso,1.6136,16.0517,21.57,89,96,1.1,CG,1707887712
221,west island,-12.1568,96.8225,29.99,74,75,5.66,CC,1707887713
222,port moresby,-9.4431,147.1797,29.18,72,95,5.45,PG,1707887525
223,sabang,5.8933,95.3214,27.85,80,19,10.16,ID,1707887715
224,vorkuta,67.5,64.0,-31.77,99,6,1.79,RU,1707887716
225,fortuna,40.5982,-124.1573,10.95,90,100,1.34,US,1707887717
226,kholmsk,47.0511,142.0569,-4.59,82,100,6.22,RU,1707887718
227,mount isa,-20.7333,139.5,31.87,58,98,4.63,AU,1707887719
228,labrador city,52.9463,-66.9114,-10.46,93,100,6.26,CA,1707887485
229,saipan,15.1355,145.701,24.39,94,75,9.26,MP,1707887722
230,vettaikkaranpudur,10.5667,76.9333,29.4,54,19,4.86,IN,1707887723
231,keflavik,64.0049,-22.5624,-3.76,80,40,3.09,IS,1707887724
232,byron bay,-28.65,153.6167,31.51,64,11,4.71,AU,1707887726
233,arkhangel'sk,64.5401,40.5433,-33.89,67,0,3.0,RU,1707887727
234,enewetak,11.3474,162.3373,26.11,79,96,8.18,MH,1707887728
235,saryaghash,41.45,69.1667,13.96,34,32,2.53,KZ,1707887729
236,al-hamdaniya,36.2715,43.3737,13.94,60,100,4.96,IQ,1707887730
237,guarapari,-20.6667,-40.4975,24.94,86,84,3.52,BR,1707887731
238,rawai,7.7797,98.3253,32.06,72,10,5.49,TH,1707887732
239,oyama,36.3,139.8,18.15,21,18,1.39,JP,1707887733
240,brigantine,39.4101,-74.3646,2.96,68,75,4.12,US,1707887734
241,palembang,-2.9167,104.7458,28.05,83,75,3.6,ID,1707887736
242,mongoumba,3.6415,18.5936,22.35,67,100,1.17,CF,1707887486
243,sao joao do piaui,-8.3581,-42.2467,23.12,86,95,1.42,BR,1707887738
244,konstantinovsk,47.5828,41.0922,3.3,95,100,3.85,RU,1707887739
245,talara,-4.5772,-81.2719,26.44,79,76,4.75,PE,1707887740
246,mumford,5.2618,-0.759,27.04,93,1,2.77,GH,1707887742
247,salta,-24.7859,-65.4117,16.99,89,75,2.06,AR,1707887743
248,padre bernardo,-15.35,-48.5,20.22,83,82,1.32,BR,1707887744
249,badger,64.8,-147.5333,0.92,61,75,4.63,US,1707887745
250,thinadhoo,0.5333,72.9333,27.82,82,97,6.75,MV,1707887746
251,cheat lake,39.672,-79.8534,2.18,69,100,3.09,US,1707887747
252,chauk,20.8833,94.8167,29.46,26,40,3.83,MM,1707887748
253,sao jose de ribamar,-2.5619,-44.0542,26.21,88,100,3.45,BR,1707887749
254,timbiqui,2.7717,-77.6654,24.63,94,52,1.5,CO,1707887725
255,kerema,-7.9631,145.7785,28.32,79,98,2.64,PG,1707887751
256,greymouth,-42.4667,171.2,16.99,71,68,2.95,NZ,1707887752
257,coquimbo,-29.9533,-71.3436,18.07,83,13,1.36,CL,1707887753
258,ancud,-41.8697,-73.8203,12.1,79,0,0.43,CL,1707887754
259,abadan,30.3392,48.3043,17.97,68,0,2.06,IR,1707887755
260,puerto colombia,10.9878,-74.9547,27.05,82,96,8.87,CO,1707887756
261,fergus falls,46.283,-96.0776,0.28,93,100,2.57,US,1707887511
262,toamasina,-18.1667,49.3833,27.0,89,75,5.66,MG,1707887761
263,monte argentario,42.4345,11.1195,7.88,71,23,3.6,IT,1707887761
264,champerico,14.3,-91.9167,26.4,75,22,1.4,GT,1707887763
265,nambucca heads,-30.65,153.0,28.0,66,2,5.82,AU,1707887763
266,lubang,13.8584,120.124,27.16,78,29,9.75,PH,1707887764
267,pocito,-31.6833,-68.5833,25.4,50,25,4.22,AR,1707887765
268,fereydun kenar,36.6864,52.5225,15.53,52,100,1.53,IR,1707887766
269,akjoujt,19.6969,-14.4164,22.88,32,15,4.1,MR,1707887767
270,verkhnyaya salda,58.0456,60.5533,-26.65,91,98,4.65,RU,1707887768
271,bonito,-21.1211,-56.4819,23.65,83,98,1.73,BR,1707887769
272,cidreira,-30.1811,-50.2056,21.34,73,100,5.0,BR,1707887770
273,metlili chaamba,32.2667,3.6333,13.52,54,0,0.0,DZ,1707887771
274,qaqortoq,60.7167,-46.0333,-1.09,98,100,3.0,GL,1707887772
275,beauceville,46.2179,-70.7787,-5.19,86,100,2.06,CA,1707887773
276,chimbarongo,-34.7,-71.05,16.49,78,0,0.65,CL,1707887775
277,las vegas,36.175,-115.1372,9.53,58,0,3.6,US,1707887493
278,chengtangcun,35.0771,117.1518,19.15,52,48,3.13,CN,1707887777
279,azogues,-2.7333,-78.8333,12.53,98,100,1.96,EC,1707887778
280,taro,-8.3862,115.28,26.03,79,69,0.89,ID,1707887779
281,qingdao,36.0986,120.3719,9.86,71,12,2.28,CN,1707887761
282,kozhevnikovo,56.2589,83.9714,-7.08,93,100,7.55,RU,1707887781
283,tarauaca,-8.1614,-70.7656,21.88,99,100,0.35,BR,1707887782
284,hasaki,35.7333,140.8333,17.22,29,0,1.45,JP,1707887736
285,sinabang,2.4803,96.3801,30.81,64,24,1.88,ID,1707887784
286,taunggyi,20.7833,97.0333,25.63,20,45,1.29,MM,1707887785
287,ust-nera,64.5667,143.2,-32.47,97,100,0.53,RU,1707887786
288,puerto santa,-8.9906,-78.6456,24.39,84,93,3.79,PE,1707887787
289,dukhan,25.4297,50.7858,18.64,77,0,3.04,QA,1707887788
290,naze,28.3667,129.4833,18.89,67,32,8.77,JP,1707887789
291,keuruu,62.2667,24.7,-9.9,94,100,5.48,FI,1707887790
292,saint-pierre,-21.3393,55.4781,29.82,70,0,2.06,RE,1707887791
293,afaahiti,-17.75,-149.2833,26.93,69,100,12.68,PF,1707887792
294,monaragala,6.8714,81.3487,28.66,69,85,4.3,LK,1707887793
295,north charleston,32.8886,-80.0075,7.5,80,20,2.06,US,1707887794
296,aasiaat,68.7098,-52.8699,-29.62,90,17,5.11,GL,1707887795
297,severo-yeniseyskiy,60.3725,93.0408,-20.97,93,100,2.2,RU,1707887796
298,al bardiyah,31.7561,25.0865,12.54,78,30,5.95,LY,1707887797
299,khandyga,62.6667,135.6,-29.27,90,100,0.76,RU,1707887798
300,port elizabeth,-33.918,25.5701,20.17,91,35,3.13,ZA,1707887799
301,krasnyy chikoy,50.3643,108.7512,-11.12,66,41,0.99,RU,1707887801
302,uglegorsk,49.0833,142.0333,-9.11,94,100,6.14,RU,1707887802
303,golere,16.2557,-14.1017,25.63,24,28,4.82,SN,1707887802
304,ardakan,32.31,54.0175,14.74,17,11,1.45,IR,1707887803
305,timmins,48.4669,-81.3331,-17.1,85,75,3.6,CA,1707887804
306,vico del gargano,41.8983,15.9576,5.7,65,3,8.11,IT,1707887806
307,maple ridge,49.2194,-122.6019,2.32,70,6,0.51,CA,1707887807
308,isfahan,32.6572,51.6776,1.8,27,3,0.62,IR,1707887808
309,yeppoon,-23.1333,150.7333,29.88,70,75,5.09,AU,1707887809
310,tura,25.5198,90.2201,26.77,24,49,1.24,IN,1707887810
311,harper,4.375,-7.7169,27.08,88,60,2.41,LR,1707887811
312,turpan,42.9333,89.1667,5.79,29,0,1.04,CN,1707887812
313,vadamadurai,10.4667,78.0833,28.37,59,66,4.13,IN,1707887813
314,waingapu,-9.6567,120.2641,30.89,70,16,4.56,ID,1707887803
315,dwarka,22.2394,68.9678,23.65,31,0,5.99,IN,1707887815
316,kalanchak,46.2562,33.2907,6.89,89,100,1.82,UA,1707887816
317,brisas de zicatela,15.8369,-97.0419,25.0,81,0,1.84,MX,1707887459
318,fort bragg,35.139,-79.006,5.24,65,0,0.45,US,1707887818
319,victoria falls,-17.9235,25.843,19.02,60,0,1.6,ZW,1707887819
320,villa gesell,-37.2639,-56.973,13.92,63,0,1.72,AR,1707887572
321,nova sintra,14.8667,-24.7167,19.65,79,1,7.79,CV,1707887776
322,bela vista,-22.1089,-56.5211,23.53,91,100,1.42,BR,1707887823
323,ewo,-0.8725,14.8206,24.49,79,100,2.0,CG,1707887825
324,mirny,62.5353,113.9611,-29.87,68,79,3.13,RU,1707887761
325,abaza,52.655,90.0928,-4.39,62,100,1.85,RU,1707887826
326,puerto maldonado,-12.6,-69.1833,22.82,100,100,0.11,PE,1707887828
327,morehead city,34.7229,-76.726,6.06,65,0,0.45,US,1707887829
328,timbuktu,16.7735,-3.0074,23.37,9,77,4.29,ML,1707887830
329,myitkyina,25.3833,97.4,27.45,27,95,0.19,MM,1707887831
330,inhambane,-23.865,35.3833,25.62,77,72,3.17,MZ,1707887832
331,utrik,11.2278,169.8474,26.23,75,100,8.49,MH,1707887833
332,porto novo,6.4965,2.6036,28.9,94,10,2.36,BJ,1707887834
333,atafu village,-8.5421,-172.5159,28.34,80,100,9.34,TK,1707887835
334,santa ana,33.7456,-117.8678,11.71,86,40,1.54,US,1707887837
335,cockburn town,21.4612,-71.1419,25.51,75,0,4.24,TC,1707887838
336,zhezqazghan,47.7833,67.7667,-2.68,86,40,6.0,KZ,1707887839
337,culfa,38.9558,45.6308,5.93,56,100,1.0,AZ,1707887840
338,junction city,39.0286,-96.8314,3.77,70,0,2.57,US,1707887841
339,mpulungu,-8.7623,31.1141,22.85,82,61,1.61,ZM,1707887842
340,kedrovyy,56.1667,91.8167,-10.07,76,100,4.27,RU,1707887843
341,disa,24.25,72.1667,24.81,14,1,4.39,IN,1707887844
342,genhe,50.7833,121.5167,-13.95,83,100,3.0,CN,1707887845
343,acapulco de juarez,16.8634,-99.8901,24.9,78,40,1.54,MX,1707887683
344,la'ie,21.6477,-157.9253,23.08,82,44,0.45,US,1707887847
345,oranjestad,12.524,-70.027,26.62,85,40,5.66,AW,1707887848
346,novosibirsk,55.0411,82.9344,-7.62,58,100,9.83,RU,1707887566
347,dubbo,-32.25,148.6167,34.07,38,40,4.63,AU,1707887851
348,ust-tsilma,65.441,52.1498,-38.55,100,46,1.34,RU,1707887852
349,santa vitoria,-18.8386,-50.1214,23.82,59,95,1.53,BR,1707887853
350,kokopo,-4.352,152.2633,28.46,79,91,5.48,PG,1707887854
351,jardim de piranhas,-6.3786,-37.3519,25.44,79,99,0.74,BR,1707887855
352,ozd,48.2167,20.3,3.58,83,80,0.97,HU,1707887757
353,port lincoln,-34.7333,135.8667,19.02,48,4,6.12,AU,1707887857
354,tolanaro,-25.0319,46.9987,25.04,89,100,4.04,MG,1707887858
355,happy valley-goose bay,53.3168,-60.3315,-3.83,86,100,4.12,CA,1707887859
356,mount pearl,47.5166,-52.7813,-1.52,91,100,5.66,CA,1707887860
357,sidi ifni,29.3797,-10.173,25.65,25,99,9.13,MA,1707887861
358,yeed,4.55,43.0333,26.67,56,44,8.62,SO,1707887862
359,yaren,-0.5472,166.916,26.95,81,100,2.84,NR,1707887863
360,pokhara,28.2333,83.9833,20.5,19,99,3.29,NP,1707887584
361,daru,-9.0763,143.2092,29.7,79,73,4.19,PG,1707887865
362,kittila,67.6647,24.8936,-20.92,77,0,2.06,FI,1707887866
363,staunton,38.1496,-79.0717,3.15,58,0,2.57,US,1707887868
364,hami,42.8,93.45,0.38,27,0,2.51,CN,1707887868
365,martil,35.6166,-5.2752,15.98,88,100,4.12,MA,1707887869
366,poxoreo,-15.8372,-54.3892,24.19,74,67,1.51,BR,1707887871
367,takoradi,4.8845,-1.7554,27.52,89,17,2.86,GH,1707887872
368,highfields,-27.4518,151.9463,24.64,79,80,0.77,AU,1707887873
369,kourou,5.1552,-52.6478,27.03,82,92,3.99,GF,1707887874
370,zyryanskoye,56.8306,86.6258,-7.83,83,100,7.13,RU,1707887875
371,ust'-kut,56.7938,105.7672,-13.94,82,100,3.16,RU,1707887801
372,port hedland,-20.3167,118.5667,32.03,66,21,7.72,AU,1707887877
373,skopin,53.8249,39.5505,-10.99,88,100,5.72,RU,1707887878
374,hovd,48.0056,91.6419,-11.26,46,48,1.91,MN,1707887714
375,lagos,6.5833,3.75,25.76,96,2,1.56,NG,1707887700
376,yulinshi,38.2906,109.7494,2.07,23,100,7.88,CN,1707887803
377,dikwa,12.024,13.9165,20.68,56,3,3.47,NG,1707887882
378,sisimiut,66.9395,-53.6735,-20.84,70,10,4.87,GL,1707887883
379,chui,-33.6971,-53.4616,17.71,71,100,2.87,UY,1707887884
380,veinticinco de mayo,-35.4323,-60.1727,12.19,79,0,2.86,AR,1707887885
381,hadibu,12.65,54.0333,25.33,70,63,4.64,YE,1707887886
382,balnearia,-31.0088,-62.6673,15.53,52,10,3.04,AR,1707887887
383,kerikeri,-35.2268,173.9474,23.28,62,2,0.89,NZ,1707887888
384,siwa oasis,29.2041,25.5195,11.02,76,93,3.49,EG,1707887889
385,kapuskasing,49.4169,-82.4331,-19.0,84,75,1.54,CA,1707887890
386,udachny,66.4167,112.4,-29.02,94,100,2.6,RU,1707887891
387,hays,30.0502,-98.0336,9.56,76,40,3.87,US,1707887892
388,spanish wells,26.323,-81.7957,13.26,59,0,2.57,US,1707887893
389,sedrata,36.1287,7.5338,5.41,88,1,1.85,DZ,1707887894
390,bandar labuan,5.2888,115.2692,30.2,62,20,3.6,MY,1707887895
391,nuuk,64.1835,-51.7216,-11.66,79,1,9.77,GL,1707887600
392,victoria,22.2855,114.1577,22.73,75,79,4.02,HK,1707887840
393,san luis de la loma,17.2706,-100.8939,23.79,70,16,1.49,MX,1707887898
394,naryshkino,52.9678,35.7268,-2.68,97,100,5.66,RU,1707887899
395,papao,-17.75,-149.55,27.82,71,100,13.83,PF,1707887900
396,amahai,-3.3333,128.9167,30.04,64,100,0.44,ID,1707887782
397,salalah,17.0151,54.0924,25.05,61,75,1.54,OM,1707887904
398,manay,7.215,126.5397,28.74,69,6,5.52,PH,1707887905
399,cornwall,45.0181,-74.7281,-6.02,79,100,7.2,CA,1707887639
400,laurentides,46.4334,-74.9826,-11.27,83,96,4.63,CA,1707887907
401,as sulayyil,20.4607,45.5779,15.14,37,0,5.19,SA,1707887907
402,geneina,13.45,22.45,18.57,13,1,3.58,SD,1707887908
403,suva,-18.1416,178.4415,30.71,74,75,2.57,FJ,1707887909
404,ciudad bolivar,8.1222,-63.5497,27.76,61,96,5.8,VE,1707887911
405,zinjibar,13.1287,45.3807,25.43,78,28,8.27,YE,1707887911
406,hopewell,37.3043,-77.2872,1.38,81,3,2.68,US,1707887912
407,lodwar,3.1191,35.5973,30.93,36,93,3.85,KE,1707887913
408,pisco,-13.7,-76.2167,23.03,83,0,4.12,PE,1707887914
409,selfoss,63.9331,-20.9971,-10.53,85,16,2.61,IS,1707887915
410,geraldton,-28.7667,114.6,43.23,46,0,9.26,AU,1707887916
411,fort-shevchenko,44.5086,50.263,9.49,58,100,2.98,KZ,1707887917
412,tual,-5.6667,132.75,28.6,77,87,7.63,ID,1707887918
413,ranot,7.7777,100.3213,28.72,73,13,7.8,TH,1707887919
414,kita,13.0349,-9.4895,24.18,11,76,1.52,ML,1707887920
415,al jawf,29.5,38.75,14.66,32,68,3.69,SA,1707887921
416,pesqueira,-8.3578,-36.6964,19.98,95,90,1.32,BR,1707887922
417,pinas,-3.6667,-79.65,19.54,91,83,1.48,EC,1707887923
418,morant bay,17.8815,-76.4093,25.79,87,59,3.3,JM,1707887924
419,timiryazevskoye,56.49,84.8769,-6.34,62,100,6.94,RU,1707887925
420,malindi,-3.2175,40.1191,27.22,76,93,3.54,KE,1707887927
421,puerto deseado,-47.7503,-65.8938,19.33,41,0,3.36,AR,1707887928
422,kalmunai,7.4167,81.8167,27.95,78,84,6.7,LK,1707887929
423,howard springs,-12.497,131.047,30.84,75,94,4.33,AU,1707887930
424,cabo san lucas,22.8909,-109.9124,19.23,61,100,1.34,MX,1707887727
425,koh kong,11.6175,102.9806,30.36,53,7,3.34,KH,1707887932
426,fuyuan,46.4333,127.0833,-5.23,83,100,5.28,CN,1707887933
427,vadso,70.0744,29.7487,-11.91,79,20,11.83,NO,1707887934
428,acajutla,13.5928,-89.8275,26.35,65,23,3.21,SV,1707887935
429,nikolayevsk-on-amure,53.1406,140.73,-13.37,72,100,1.72,RU,1707887937
430,celestun,20.8667,-90.4,19.93,76,0,5.28,MX,1707887938
431,petropavlovsk-kamchatsky,53.0452,158.6483,-12.53,68,75,1.34,RU,1707887939
432,sayat,38.7839,63.8803,14.91,29,10,8.5,TM,1707887940
433,teknaf,20.8624,92.3058,28.08,32,87,3.76,BD,1707887941
434,punta del este,-34.9667,-54.95,16.63,74,40,1.79,UY,1707887942
435,cianorte,-23.6633,-52.605,22.75,84,99,0.7,BR,1707887943
436,zgurovka,50.5028,31.7849,5.38,93,100,2.76,UA,1707887944
437,yelwa,8.8333,9.6333,25.59,9,100,3.34,NG,1707887945
438,north platte,41.1239,-100.7654,-2.06,69,0,0.89,US,1707887947
439,demak,-6.8909,110.6396,29.98,70,36,2.31,ID,1707887948
440,alness,57.696,-4.2551,1.28,92,93,1.91,GB,1707887949
441,riyadh,24.6877,46.7219,15.08,55,31,5.69,SA,1707887892
442,scornicesti,44.5667,24.55,4.76,80,90,2.55,RO,1707887951
443,santos reyes nopala,16.1092,-97.1561,20.63,89,1,1.56,MX,1707887952
444,fort st. john,56.2499,-120.8529,-7.06,63,20,4.12,CA,1707887953
445,port saint john's,-31.6229,29.5448,23.05,87,78,4.83,ZA,1707887954
446,uliastay,47.7417,96.8444,-13.53,60,0,1.78,MN,1707887955
447,pacific grove,36.6177,-121.9166,9.67,88,0,0.89,US,1707887956
448,lospalos,-8.5186,127.0025,27.81,72,100,3.56,TL,1707887957
449,banyo,6.75,11.8167,19.97,23,100,1.67,CM,1707887958
450,port douglas,-16.4833,145.4667,28.52,75,46,2.9,AU,1707887959
451,walvis bay,-22.9575,14.5053,17.7,87,30,2.39,NA,1707887960
452,urucui,-7.2294,-44.5561,24.58,83,99,0.63,BR,1707887961
453,vila franca do campo,37.7167,-25.4333,15.23,82,100,6.95,PT,1707887962
454,gharghoda,22.1667,83.35,27.05,35,94,2.0,IN,1707887963
455,ponot,8.452,123.0222,30.55,70,29,8.23,PH,1707887964
456,detroit lakes,46.8172,-95.8453,-0.34,87,100,2.57,US,1707887694
457,khash,28.2211,61.2158,13.17,36,0,0.42,IR,1707887966
458,dunedin,-45.8742,170.5036,23.22,59,0,1.79,NZ,1707887919
459,fuyu,45.1833,124.8167,-3.07,46,70,5.62,CN,1707887968
460,itamaraju,-17.0392,-39.5311,22.12,97,49,1.09,BR,1707887969
461,ko lanta,7.5336,99.0865,29.61,68,18,3.33,TH,1707887970
462,taltal,-25.4,-70.4833,19.17,85,22,0.23,CL,1707887971
463,el porvenir,13.7617,-87.3458,23.63,76,51,3.08,HN,1707887972
464,kirensk,57.7853,108.1119,-15.14,84,100,3.93,RU,1707887973
465,cill airne,52.05,-9.5167,11.0,98,100,2.67,IE,1707887974
466,athens,37.9795,23.7162,11.93,63,20,2.57,GR,1707887975
467,constitucion,-35.3333,-72.4167,14.7,94,10,2.69,CL,1707887976
468,ta'if,21.2703,40.4158,15.56,75,1,6.45,SA,1707887977
469,balykshi,47.0667,51.8667,1.0,93,100,5.0,KZ,1707887978
470,divo,5.8397,-5.36,24.38,99,36,1.3,CI,1707887980
471,hell-ville,-13.4,48.2667,27.31,80,72,1.73,MG,1707887981
472,noyabrsk,63.1994,75.4507,-30.98,95,84,8.94,RU,1707887982
473,andergrove,-21.0833,149.1833,28.69,77,47,4.58,AU,1707887983
474,acarau,-2.8856,-40.12,25.23,89,100,3.01,BR,1707887984
475,novyy urengoy,66.0833,76.6333,-33.28,97,9,4.82,RU,1707887688
476,lodja,-3.4833,23.4333,21.23,98,100,0.69,CD,1707887986
477,vilyuchinsk,52.9306,158.4028,-11.7,76,71,0.24,RU,1707887987
478,angus,44.3168,-79.8829,-7.26,67,82,4.12,CA,1707887988
479,island harbour,50.724,-1.2758,11.23,95,100,4.02,GB,1707887989
480,puerto carreno,6.189,-67.4859,27.85,57,74,2.13,CO,1707887990
481,sooke,48.3746,-123.7276,5.04,76,2,3.6,CA,1707887991
482,enshi,30.3,109.4833,15.57,78,89,0.13,CN,1707887992
483,ca mau,9.1769,105.15,34.58,40,21,7.1,VN,1707887857
484,chegdomyn,51.1167,133.0167,-10.69,78,92,1.64,RU,1707887994
485,caranan,13.5167,123.0156,29.82,60,40,1.75,PH,1707887995
486,carlos chagas,-17.7031,-40.7664,22.3,95,15,0.7,BR,1707887996
487,muli,2.9167,73.5667,28.06,81,94,7.44,MV,1707887997
488,novyye burasy,52.1324,46.0714,-7.97,84,100,5.16,RU,1707887999
489,mancio lima,-7.6142,-72.8958,22.38,99,100,0.48,BR,1707888000
490,nadym,65.5333,72.5167,-33.08,91,6,5.56,RU,1707887764
491,kokemaki,61.2565,22.3564,-7.12,95,100,4.09,FI,1707888002
492,portland,45.5234,-122.6762,3.35,92,0,2.06,US,1707887666
493,oyskhara,43.2633,46.2494,3.19,51,100,2.04,RU,1707887991
494,ballina,-28.8667,153.5667,31.55,65,9,5.21,AU,1707888005
495,berdigestyakh,62.0989,126.6992,-23.59,88,100,3.12,RU,1707888006
496,sarandi del yi,-33.35,-55.6333,12.29,75,34,3.04,UY,1707888007
497,lure,47.75,6.5,7.65,76,100,2.06,FR,1707888008
498,pikeville,37.4793,-82.5188,3.61,77,100,2.06,US,1707887791
499,klyuchi,52.2667,79.1667,-5.08,93,100,11.17,RU,1707888010
500,broken hill,-31.95,141.4333,27.39,21,0,6.07,AU,1707887957
501,colesberg,-30.72,25.0972,20.27,56,1,3.57,ZA,1707888012
502,mogocha,53.7333,119.7667,-13.31,49,87,3.67,RU,1707888013
503,lincoln city,44.9582,-124.0179,4.26,95,0,6.26,US,1707888014
504,tindouf,27.6711,-8.1474,17.25,27,0,2.57,DZ,1707888016
505,sandnessjoen,66.0217,12.6316,-3.02,54,0,3.09,NO,1707888017
506,key biscayne,25.6937,-80.1628,17.02,84,20,3.09,US,1707888018
507,antsiranana,-12.2787,49.2917,28.0,80,57,2.6,MG,1707888019
508,minab,27.1467,57.0801,21.25,65,0,1.46,IR,1707888020
509,sao gabriel da cachoeira,-0.1303,-67.0892,24.02,93,90,1.44,BR,1707888022
510,tomatlan,19.9333,-105.25,21.29,83,100,0.58,MX,1707888023
511,christchurch,-43.5333,172.6333,27.36,30,0,9.26,NZ,1707887434
512,port-vila,-17.7338,168.3219,28.19,83,41,6.79,VU,1707888025
513,hengyang,26.8881,112.615,23.48,61,1,3.3,CN,1707888027
514,kapa'a,22.0752,-159.319,21.61,81,20,3.6,US,1707888028
515,mwene-ditu,-7.0,23.45,19.73,94,100,0.83,CD,1707888030
516,hinton,53.4001,-117.5857,-7.32,89,100,1.41,CA,1707888032
517,klaksvik,62.2266,-6.589,2.51,76,95,10.99,FO,1707888033
518,atasu,48.6814,71.6433,-2.55,89,97,8.82,KZ,1707887786
519,astaneh-ye ashrafiyeh,37.2596,49.9444,8.96,46,99,0.98,IR,1707888036
520,viedma,-40.8135,-62.9967,18.44,29,16,6.93,AR,1707888037
521,suzhou,31.3114,120.6181,20.45,44,3,1.87,CN,1707888039
522,country club estates,31.2127,-81.4643,6.24,85,0,2.06,US,1707888041
523,rio grande,-32.035,-52.0986,16.64,67,95,4.19,BR,1707888042
524,aurillac,44.9167,2.45,2.05,92,62,1.21,FR,1707888044
525,ixmiquilpan,20.4833,-99.2333,12.26,86,47,1.39,MX,1707888045
526,maceio,-9.6658,-35.7353,25.69,94,40,1.54,BR,1707888046
527,flying fish cove,-10.4217,105.6791,28.82,83,100,1.54,CX,1707888047
528,hamakita,34.8,137.7833,18.8,44,22,6.02,JP,1707888048
529,bereznik,62.8551,42.7072,-34.57,100,6,0.53,RU,1707888049
530,crane,31.3974,-102.3501,12.13,41,34,8.63,US,1707888050
531,axim,4.8699,-2.2405,27.49,88,34,2.87,GH,1707888051
532,queenstown,-31.8976,26.8753,18.25,80,6,0.83,ZA,1707888052
533,tosontsengel,48.7567,98.2839,-20.48,78,20,1.08,MN,1707888053
534,suntar,62.1444,117.6319,-27.63,89,95,3.3,RU,1707888054
535,kot addu,30.4692,70.9671,20.95,16,0,0.97,PK,1707888055
536,caleta de carquin,-11.0925,-77.6267,24.54,81,89,3.97,PE,1707888056
537,filingue,14.3521,3.3168,21.91,11,90,4.18,NE,1707888057
538,kayangel,8.0823,134.7173,27.03,73,74,8.61,PW,1707888058
539,polygyros,40.3744,23.4383,5.07,79,61,3.89,GR,1707888059
540,darab,28.7519,54.5444,15.13,35,0,0.36,IR,1707888060
541,waajid,3.8096,43.2463,26.24,59,86,10.09,SO,1707888061
542,mountain home,43.133,-115.6912,-0.04,86,0,0.89,US,1707888063
543,virginia,37.5481,-77.4467,1.77,80,0,3.09,US,1707888064
544,zambezi,-13.5432,23.1047,18.74,85,13,1.82,ZM,1707888066
545,watertown,42.3709,-71.1828,-2.12,81,0,3.6,US,1707888067
546,berezovyy,51.6667,135.7,-10.64,72,96,1.8,RU,1707888068
547,yazman,29.1212,71.7446,19.9,16,0,2.17,PK,1707888070
548,dalnerechensk,45.9339,133.7225,-4.26,73,100,3.42,RU,1707888071
549,revelstoke,50.9832,-118.2023,-0.99,59,0,6.17,CA,1707888072
550,raduzhny,62.0961,77.475,-28.56,93,100,7.55,RU,1707888073
551,zhangjiakou,40.81,114.8794,0.23,54,96,4.15,CN,1707888074
552,las palmas,28.4204,-14.0131,17.44,59,0,1.03,ES,1707888075
553,sokoni,-6.4333,39.55,27.89,77,100,5.21,TZ,1707888076
554,pushchino,54.8339,37.6264,-9.56,90,100,5.42,RU,1707888077
555,turtas,58.9417,69.1325,-25.16,93,100,6.93,RU,1707888078
556,saldanha,-33.0117,17.9442,16.03,92,100,3.43,ZA,1707888079
557,santo antonio do ica,-3.1022,-67.9397,23.6,100,100,1.31,BR,1707888080
558,wakkanai,45.4094,141.6739,1.72,84,75,5.14,JP,1707888081
559,callao,-12.0667,-77.15,25.16,73,0,7.2,PE,1707888082
560,nabire,-3.3667,135.4833,29.79,66,34,3.02,ID,1707888084
561,minas de marcona,-15.2119,-75.1103,19.12,88,72,3.99,PE,1707888085
562,bubaque,11.2833,-15.8333,26.47,66,100,6.54,GW,1707888086
563,yorkton,51.2167,-102.4677,-6.09,86,100,7.2,CA,1707888087
564,muynoq,43.7683,59.0214,10.0,51,100,3.91,UZ,1707888088
565,fisterra,42.9049,-9.2629,15.97,98,100,8.63,ES,1707888089
566,leh,34.1667,77.5833,-9.61,53,3,0.75,IN,1707888090
567,ajaokuta,7.5623,6.655,26.04,69,29,1.35,NG,1707888091
568,palo santo,-25.5633,-59.3378,20.49,82,100,2.55,AR,1707888092
